-- ============================================================
-- 智能推荐系统测试数据（答辩演示用）
-- 6名在职工 + 1名禁用 + 20名学生 + 60+工单 + 评价
-- 运行方式：在 init_data.sql 之后执行
-- 所有账号密码: 123456
-- ============================================================

SET NAMES utf8mb4;

-- ============================================================
-- 1. 新增维修工 (user_id=10~16, role=1, 共6人 + 原worker01=2 = 7人)
--    worker02~05 + worker08 在职, worker06(status=0) 已禁用
-- ============================================================
INSERT IGNORE INTO `sys_user` (`user_id`, `username`, `password`, `nickname`, `department`, `role`, `phone`, `email`, `real_name`, `status`, `is_deleted`, `create_time`, `update_time`) VALUES
(10, 'worker02', '$2a$10$N.zmdr9k7uOCQb376NoUnuTJ8iAt6Z5EHsM8lE9lBOsl7iKTVKIUi', '张师傅', '后勤保障部', 1, '19900000021', 'worker02@campusrepair.demo', '张建国', 1, 0, '2025-09-01 08:00:00', NOW()),
(11, 'worker03', '$2a$10$N.zmdr9k7uOCQb376NoUnuTJ8iAt6Z5EHsM8lE9lBOsl7iKTVKIUi', '李师傅', '物业维修中心', 1, '19900000022', 'worker03@campusrepair.demo', '李明辉', 1, 0, '2025-09-01 08:00:00', NOW()),
(12, 'worker04', '$2a$10$N.zmdr9k7uOCQb376NoUnuTJ8iAt6Z5EHsM8lE9lBOsl7iKTVKIUi', '王师傅', '物业维修中心', 1, '19900000023', 'worker04@campusrepair.demo', '王德发', 1, 0, '2025-10-15 08:00:00', NOW()),
(13, 'worker05', '$2a$10$N.zmdr9k7uOCQb376NoUnuTJ8iAt6Z5EHsM8lE9lBOsl7iKTVKIUi', '赵师傅', '设施管理科', 1, '19900000024', 'worker05@campusrepair.demo', '赵志强', 1, 0, '2025-08-01 08:00:00', NOW()),
(14, 'worker06', '$2a$10$N.zmdr9k7uOCQb376NoUnuTJ8iAt6Z5EHsM8lE9lBOsl7iKTVKIUi', '刘师傅', '后勤保障部', 1, '19900000025', 'worker06@campusrepair.demo', '刘永刚', 0, 0, '2026-01-10 08:00:00', NOW()),
(16, 'worker08', '$2a$10$N.zmdr9k7uOCQb376NoUnuTJ8iAt6Z5EHsM8lE9lBOsl7iKTVKIUi', '周师傅', '设施管理科', 1, '19900000027', 'worker08@campusrepair.demo', '周海龙', 1, 0, '2025-07-01 08:00:00', NOW());

-- ============================================================
-- 2. 新增学生 (user_id=20~39, role=0, 共20人)
-- ============================================================
INSERT IGNORE INTO `sys_user` (`user_id`, `username`, `password`, `nickname`, `department`, `role`, `phone`, `email`, `real_name`, `status`, `is_deleted`, `create_time`, `update_time`) VALUES
(20, '20260002', '$2a$10$N.zmdr9k7uOCQb376NoUnuTJ8iAt6Z5EHsM8lE9lBOsl7iKTVKIUi', '小林', '电子信息学院', 0, '19900000031', 's02@campusrepair.demo', '林晓', 1, 0, '2025-09-01 08:00:00', NOW()),
(21, '20260003', '$2a$10$N.zmdr9k7uOCQb376NoUnuTJ8iAt6Z5EHsM8lE9lBOsl7iKTVKIUi', '小美', '外国语学院', 0, '19900000032', 's03@campusrepair.demo', '陈美琪', 1, 0, '2025-09-01 08:00:00', NOW()),
(22, '20260004', '$2a$10$N.zmdr9k7uOCQb376NoUnuTJ8iAt6Z5EHsM8lE9lBOsl7iKTVKIUi', '大刘', '机械工程学院', 0, '19900000033', 's04@campusrepair.demo', '刘浩然', 1, 0, '2025-09-01 08:00:00', NOW()),
(23, '20260005', '$2a$10$N.zmdr9k7uOCQb376NoUnuTJ8iAt6Z5EHsM8lE9lBOsl7iKTVKIUi', '小王', '理学院', 0, '19900000034', 's05@campusrepair.demo', '王雨萱', 1, 0, '2025-09-01 08:00:00', NOW()),
(24, '20260006', '$2a$10$N.zmdr9k7uOCQb376NoUnuTJ8iAt6Z5EHsM8lE9lBOsl7iKTVKIUi', '小赵', '计算机学院', 0, '19900000035', 's06@campusrepair.demo', '赵一鸣', 1, 0, '2025-09-01 08:00:00', NOW()),
(25, '20260007', '$2a$10$N.zmdr9k7uOCQb376NoUnuTJ8iAt6Z5EHsM8lE9lBOsl7iKTVKIUi', '阿杰', '电子信息学院', 0, '19900000036', 's07@campusrepair.demo', '陈杰', 1, 0, '2025-09-01 08:00:00', NOW()),
(26, '20260008', '$2a$10$N.zmdr9k7uOCQb376NoUnuTJ8iAt6Z5EHsM8lE9lBOsl7iKTVKIUi', '小雯', '经济管理学院', 0, '19900000037', 's08@campusrepair.demo', '李文雯', 1, 0, '2025-09-01 08:00:00', NOW()),
(27, '20260009', '$2a$10$N.zmdr9k7uOCQb376NoUnuTJ8iAt6Z5EHsM8lE9lBOsl7iKTVKIUi', '阿强', '土木工程学院', 0, '19900000038', 's09@campusrepair.demo', '张伟强', 1, 0, '2025-09-01 08:00:00', NOW()),
(28, '20260010', '$2a$10$N.zmdr9k7uOCQb376NoUnuTJ8iAt6Z5EHsM8lE9lBOsl7iKTVKIUi', '小婷', '艺术学院', 0, '19900000039', 's10@campusrepair.demo', '周婷', 1, 0, '2025-09-01 08:00:00', NOW()),
(29, '20260011', '$2a$10$N.zmdr9k7uOCQb376NoUnuTJ8iAt6Z5EHsM8lE9lBOsl7iKTVKIUi', '阿豪', '计算机学院', 0, '19900000040', 's11@campusrepair.demo', '黄志豪', 1, 0, '2025-09-01 08:00:00', NOW()),
(30, '20260012', '$2a$10$N.zmdr9k7uOCQb376NoUnuTJ8iAt6Z5EHsM8lE9lBOsl7iKTVKIUi', '小月', '外国语学院', 0, '19900000041', 's12@campusrepair.demo', '林小月', 1, 0, '2025-09-01 08:00:00', NOW()),
(31, '20260013', '$2a$10$N.zmdr9k7uOCQb376NoUnuTJ8iAt6Z5EHsM8lE9lBOsl7iKTVKIUi', '阿明', '理学院', 0, '19900000042', 's13@campusrepair.demo', '邱明辉', 1, 0, '2025-09-01 08:00:00', NOW()),
(32, '20260014', '$2a$10$N.zmdr9k7uOCQb376NoUnuTJ8iAt6Z5EHsM8lE9lBOsl7iKTVKIUi', '小雪', '经济管理学院', 0, '19900000043', 's14@campusrepair.demo', '韩雪', 1, 0, '2025-09-01 08:00:00', NOW()),
(33, '20260015', '$2a$10$N.zmdr9k7uOCQb376NoUnuTJ8iAt6Z5EHsM8lE9lBOsl7iKTVKIUi', '大鹏', '机械工程学院', 0, '19900000044', 's15@campusrepair.demo', '宋大鹏', 1, 0, '2025-09-01 08:00:00', NOW()),
(34, '20260016', '$2a$10$N.zmdr9k7uOCQb376NoUnuTJ8iAt6Z5EHsM8lE9lBOsl7iKTVKIUi', '小莉', '土木工程学院', 0, '19900000045', 's16@campusrepair.demo', '杨莉', 1, 0, '2025-09-01 08:00:00', NOW()),
(35, '20260017', '$2a$10$N.zmdr9k7uOCQb376NoUnuTJ8iAt6Z5EHsM8lE9lBOsl7iKTVKIUi', '阿远', '电子信息学院', 0, '19900000046', 's17@campusrepair.demo', '郑远', 1, 0, '2025-09-01 08:00:00', NOW()),
(36, '20260018', '$2a$10$N.zmdr9k7uOCQb376NoUnuTJ8iAt6Z5EHsM8lE9lBOsl7iKTVKIUi', '小雨', '艺术学院', 0, '19900000047', 's18@campusrepair.demo', '陈雨', 1, 0, '2025-09-01 08:00:00', NOW()),
(37, '20260019', '$2a$10$N.zmdr9k7uOCQb376NoUnuTJ8iAt6Z5EHsM8lE9lBOsl7iKTVKIUi', '小龙', '计算机学院', 0, '19900000048', 's19@campusrepair.demo', '马小龙', 1, 0, '2025-09-01 08:00:00', NOW()),
(38, '20260020', '$2a$10$N.zmdr9k7uOCQb376NoUnuTJ8iAt6Z5EHsM8lE9lBOsl7iKTVKIUi', '小芳', '外国语学院', 0, '19900000049', 's20@campusrepair.demo', '刘芳', 1, 0, '2025-09-01 08:00:00', NOW()),
(39, '20260021', '$2a$10$N.zmdr9k7uOCQb376NoUnuTJ8iAt6Z5EHsM8lE9lBOsl7iKTVKIUi', '阿涛', '理学院', 0, '19900000050', 's21@campusrepair.demo', '郝涛', 1, 0, '2025-09-01 08:00:00', NOW());

-- ============================================================
-- 3. 已评价工单 (status=8) -- 用于推荐系统历史经验计算
-- ============================================================

-- worker02(10) 张建国: 空调专家, 河西校区为主 (5单)
INSERT IGNORE INTO `repair_order` (`order_id`, `user_id`, `repairman_id`, `title`, `description`, `location`, `campus`, `area`, `category`, `urgency`, `status`, `is_urgent`, `audit_time`, `dispatch_time`, `start_time`, `completed_time`, `confirm_time`, `create_time`, `update_time`) VALUES
(100, 20, 10, '南苑2号楼空调不制冷', '空调开启后不制冷，出风口有异味', '西校区-南苑-2号楼302', 'WEST', 'SOUTH_YARD', 'LIFE_AIRCON', 2, 8, 0, '2026-04-10 09:00:00', '2026-04-10 09:30:00', '2026-04-10 10:00:00', '2026-04-10 14:00:00', '2026-04-10 16:00:00', '2026-04-10 08:30:00', '2026-04-10 16:00:00'),
(101, 21, 10, '南苑3号楼空调漏水', '空调内机滴水，地面有积水', '西校区-南苑-3号楼118', 'WEST', 'SOUTH_YARD', 'LIFE_AIRCON', 3, 8, 1, '2026-04-15 08:00:00', '2026-04-15 08:15:00', '2026-04-15 08:30:00', '2026-04-15 11:00:00', '2026-04-15 12:00:00', '2026-04-15 07:45:00', '2026-04-15 12:00:00'),
(102, 22, 10, '北苑5号楼空调异响', '空调运行时发出刺耳噪音', '西校区-北苑-5号楼207', 'WEST', 'NORTH_YARD', 'LIFE_AIRCON', 2, 8, 0, '2026-04-20 10:00:00', '2026-04-20 10:20:00', '2026-04-20 11:00:00', '2026-04-20 15:30:00', '2026-04-20 17:00:00', '2026-04-20 09:30:00', '2026-04-20 17:00:00'),
(103, 23, 10, '南苑1号楼空调不启动', '空调遥控器和面板都无法启动', '西校区-南苑-1号楼505', 'WEST', 'SOUTH_YARD', 'LIFE_AIRCON', 1, 8, 0, '2026-04-25 09:00:00', '2026-04-25 09:30:00', '2026-04-25 10:00:00', '2026-04-25 11:30:00', '2026-04-25 13:00:00', '2026-04-25 08:40:00', '2026-04-25 13:00:00'),
(104, 24, 10, '东苑食堂空调故障', '食堂中央空调不工作', '西校区-东苑-食堂1楼', 'WEST', 'EAST_YARD', 'LIFE_AIRCON', 2, 8, 0, '2026-05-01 07:00:00', '2026-05-01 07:30:00', '2026-05-01 08:00:00', '2026-05-01 10:00:00', '2026-05-01 11:00:00', '2026-05-01 06:50:00', '2026-05-01 11:00:00');

-- worker03(11) 李明辉: 水电专家, 河东校区为主 (4单)
INSERT IGNORE INTO `repair_order` (`order_id`, `user_id`, `repairman_id`, `title`, `description`, `location`, `campus`, `area`, `category`, `urgency`, `status`, `is_urgent`, `audit_time`, `dispatch_time`, `start_time`, `completed_time`, `confirm_time`, `create_time`, `update_time`) VALUES
(105, 20, 11, '普宿3栋水龙头漏水', '洗手台水龙头关不紧，持续滴水', '东校区-普宿舍-3栋201', 'EAST', 'DORM', 'LIFE_WATER', 2, 8, 0, '2026-04-08 09:00:00', '2026-04-08 09:20:00', '2026-04-08 09:40:00', '2026-04-08 10:30:00', '2026-04-08 11:30:00', '2026-04-08 08:30:00', '2026-04-08 11:30:00'),
(106, 21, 11, '教学楼A区饮水机故障', '饮水机不出热水，指示灯闪烁', '东校区-教学楼-A区3楼', 'EAST', 'TEACH', 'LIFE_WATER', 2, 8, 0, '2026-04-12 08:00:00', '2026-04-12 08:30:00', '2026-04-12 09:00:00', '2026-04-12 10:00:00', '2026-04-12 11:00:00', '2026-04-12 07:50:00', '2026-04-12 11:00:00'),
(107, 22, 11, '普宿5栋水管破裂', '卫生间水管爆裂，水漫到走廊', '东校区-普宿舍-5栋1楼', 'EAST', 'DORM', 'LIFE_WATER', 3, 8, 1, '2026-04-18 06:00:00', '2026-04-18 06:10:00', '2026-04-18 06:20:00', '2026-04-18 08:00:00', '2026-04-18 09:00:00', '2026-04-18 05:55:00', '2026-04-18 09:00:00'),
(108, 23, 11, '图书馆卫生间漏水', '3楼男厕水龙头无法关闭', '东校区-图书馆-3楼', 'EAST', 'LIB', 'LIFE_WATER', 2, 8, 0, '2026-04-22 09:00:00', '2026-04-22 09:30:00', '2026-04-22 10:00:00', '2026-04-22 11:30:00', '2026-04-22 12:30:00', '2026-04-22 08:50:00', '2026-04-22 12:30:00');

-- worker04(12) 王德发: 宿舍设施专家 (4单)
INSERT IGNORE INTO `repair_order` (`order_id`, `user_id`, `repairman_id`, `title`, `description`, `location`, `campus`, `area`, `category`, `urgency`, `status`, `is_urgent`, `audit_time`, `dispatch_time`, `start_time`, `completed_time`, `confirm_time`, `create_time`, `update_time`) VALUES
(109, 24, 12, '公寓2栋门锁损坏', '宿舍门锁芯卡死，钥匙无法转动', '东校区-公寓-2栋606', 'EAST', 'APART', 'LIFE_DORM', 3, 8, 1, '2026-04-05 08:00:00', '2026-04-05 08:15:00', '2026-04-05 08:30:00', '2026-04-05 09:30:00', '2026-04-05 10:00:00', '2026-04-05 07:40:00', '2026-04-05 10:00:00'),
(110, 20, 12, '公寓2栋窗户关不上', '窗户滑轨变形，无法关闭', '东校区-公寓-2栋512', 'EAST', 'APART', 'LIFE_DORM', 2, 8, 0, '2026-04-14 09:00:00', '2026-04-14 10:00:00', '2026-04-14 10:30:00', '2026-04-14 14:00:00', '2026-04-14 15:00:00', '2026-04-14 08:30:00', '2026-04-14 15:00:00'),
(111, 21, 12, '公寓3栋马桶堵塞', '马桶完全堵塞，无法冲水', '东校区-公寓-3栋302', 'EAST', 'APART', 'LIFE_DORM', 3, 8, 1, '2026-04-19 07:00:00', '2026-04-19 07:20:00', '2026-04-19 07:40:00', '2026-04-19 09:00:00', '2026-04-19 09:30:00', '2026-04-19 06:50:00', '2026-04-19 09:30:00'),
(112, 22, 12, '普宿1栋晾衣架断裂', '阳台晾衣架一侧脱落', '东校区-普宿舍-1栋403', 'EAST', 'DORM', 'LIFE_DORM', 1, 8, 0, '2026-04-28 09:00:00', '2026-04-28 10:00:00', '2026-04-28 10:30:00', '2026-04-28 11:30:00', '2026-04-28 14:00:00', '2026-04-28 08:50:00', '2026-04-28 14:00:00');

-- worker05(13) 赵志强: 教学设施+照明 (4单)
INSERT IGNORE INTO `repair_order` (`order_id`, `user_id`, `repairman_id`, `title`, `description`, `location`, `campus`, `area`, `category`, `urgency`, `status`, `is_urgent`, `audit_time`, `dispatch_time`, `start_time`, `completed_time`, `confirm_time`, `create_time`, `update_time`) VALUES
(113, 23, 13, '教学楼B区多媒体投影仪模糊', '投影仪画面发黄模糊不清', '东校区-教学楼-B区201', 'EAST', 'TEACH', 'TEACHING_MULTIMEDIA', 2, 8, 0, '2026-04-06 08:00:00', '2026-04-06 08:30:00', '2026-04-06 09:00:00', '2026-04-06 10:30:00', '2026-04-06 11:30:00', '2026-04-06 07:50:00', '2026-04-06 11:30:00'),
(114, 24, 13, '教学楼C区麦克风无声', '教室麦克风无法拾音', '东校区-教学楼-C区305', 'EAST', 'TEACH', 'TEACHING_MULTIMEDIA', 2, 8, 0, '2026-04-16 08:00:00', '2026-04-16 08:30:00', '2026-04-16 09:00:00', '2026-04-16 10:00:00', '2026-04-16 11:00:00', '2026-04-16 07:55:00', '2026-04-16 11:00:00'),
(115, 20, 13, '实验室设备电源故障', '实验台电源插座无电', '东校区-教学楼-实验楼201', 'EAST', 'TEACH', 'TEACHING_LAB_EQUIP', 3, 8, 1, '2026-04-21 08:00:00', '2026-04-21 08:10:00', '2026-04-21 08:30:00', '2026-04-21 10:00:00', '2026-04-21 11:00:00', '2026-04-21 07:50:00', '2026-04-21 11:00:00'),
(116, 21, 13, '宿舍楼道灯不亮', '普宿2栋3楼楼道灯全部不亮', '东校区-普宿舍-2栋3楼', 'EAST', 'DORM', 'LIFE_LIGHTING', 1, 8, 0, '2026-04-26 09:00:00', '2026-04-26 09:30:00', '2026-04-26 10:00:00', '2026-04-26 11:00:00', '2026-04-26 14:00:00', '2026-04-26 08:50:00', '2026-04-26 14:00:00');

-- worker08(16) 周海龙: 资深教学设施专家 (4单)
INSERT IGNORE INTO `repair_order` (`order_id`, `user_id`, `repairman_id`, `title`, `description`, `location`, `campus`, `area`, `category`, `urgency`, `status`, `is_urgent`, `audit_time`, `dispatch_time`, `start_time`, `completed_time`, `confirm_time`, `create_time`, `update_time`) VALUES
(123, 23, 16, '多媒体教室电脑黑屏', '开机后显示器无信号', '东校区-教学楼-A区101', 'EAST', 'TEACH', 'TEACHING_MULTIMEDIA', 2, 8, 0, '2026-03-05 08:00:00', '2026-03-05 08:20:00', '2026-03-05 08:40:00', '2026-03-05 09:30:00', '2026-03-05 10:30:00', '2026-03-05 07:55:00', '2026-03-05 10:30:00'),
(124, 24, 16, '实验室显微镜灯不亮', '显微镜光源故障', '东校区-教学楼-实验楼305', 'EAST', 'TEACH', 'TEACHING_LAB_EQUIP', 2, 8, 0, '2026-03-15 09:00:00', '2026-03-15 09:30:00', '2026-03-15 10:00:00', '2026-03-15 11:30:00', '2026-03-15 14:00:00', '2026-03-15 08:50:00', '2026-03-15 14:00:00'),
(125, 20, 16, '多媒体中控失灵', '教室中控面板无反应', '东校区-教学楼-B区301', 'EAST', 'TEACH', 'TEACHING_MULTIMEDIA', 2, 8, 0, '2026-03-25 08:00:00', '2026-03-25 08:20:00', '2026-03-25 08:40:00', '2026-03-25 09:30:00', '2026-03-25 10:00:00', '2026-03-25 07:50:00', '2026-03-25 10:00:00'),
(126, 21, 16, '实验室通风柜故障', '通风柜排风系统停止工作', '东校区-教学楼-实验楼102', 'EAST', 'TEACH', 'TEACHING_LAB_EQUIP', 3, 8, 1, '2026-04-03 08:00:00', '2026-04-03 08:10:00', '2026-04-03 08:30:00', '2026-04-03 10:30:00', '2026-04-03 11:30:00', '2026-04-03 07:50:00', '2026-04-03 11:30:00');

-- worker01(2) 陈立军(老陈): 原始维修工 (3单)
INSERT IGNORE INTO `repair_order` (`order_id`, `user_id`, `repairman_id`, `title`, `description`, `location`, `campus`, `area`, `category`, `urgency`, `status`, `is_urgent`, `audit_time`, `dispatch_time`, `start_time`, `completed_time`, `confirm_time`, `create_time`, `update_time`) VALUES
(132, 22, 2, '南苑洗衣机故障', '洗衣机无法启动，面板无显示', '西校区-南苑-洗衣房', 'WEST', 'SOUTH_YARD', 'LIFE_WASHER', 2, 8, 0, '2026-04-03 09:00:00', '2026-04-03 09:30:00', '2026-04-03 10:00:00', '2026-04-03 11:00:00', '2026-04-03 14:00:00', '2026-04-03 08:30:00', '2026-04-03 14:00:00'),
(133, 23, 2, '北苑宿舍马桶漏水', '马桶水箱一直流水不止', '西校区-北苑-2号楼306', 'WEST', 'NORTH_YARD', 'LIFE_DORM', 2, 8, 0, '2026-04-11 09:00:00', '2026-04-11 09:30:00', '2026-04-11 10:00:00', '2026-04-11 11:30:00', '2026-04-11 14:00:00', '2026-04-11 08:50:00', '2026-04-11 14:00:00'),
(134, 24, 2, '西苑食堂照明故障', '食堂2楼一半灯不亮', '西校区-西苑-食堂2楼', 'WEST', 'WEST_YARD', 'LIFE_LIGHTING', 2, 8, 0, '2026-04-27 08:00:00', '2026-04-27 08:30:00', '2026-04-27 09:00:00', '2026-04-27 10:30:00', '2026-04-27 11:30:00', '2026-04-27 07:50:00', '2026-04-27 11:30:00');

-- ============================================================
-- 4. 维修完工待确认工单 (status=6)
-- ============================================================
INSERT IGNORE INTO `repair_order` (`order_id`, `user_id`, `repairman_id`, `title`, `description`, `location`, `campus`, `area`, `category`, `urgency`, `status`, `is_urgent`, `audit_time`, `dispatch_time`, `start_time`, `completed_time`, `create_time`, `update_time`) VALUES
(140, 25, 12, '公寓4栋门锁更换', '防盗门锁体损坏需更换', '东校区-公寓-4栋701', 'EAST', 'APART', 'LIFE_DORM', 2, 6, 0, '2026-05-06 09:00:00', '2026-05-06 09:30:00', '2026-05-06 10:00:00', '2026-05-06 14:00:00', '2026-05-06 08:50:00', '2026-05-06 14:00:00'),
(141, 26, 11, '教学楼饮水机更换滤芯', '3台饮水机需要更换滤芯', '东校区-教学楼-A区', 'EAST', 'TEACH', 'LIFE_WATER', 1, 6, 0, '2026-05-06 09:00:00', '2026-05-06 10:00:00', '2026-05-06 10:30:00', '2026-05-06 15:00:00', '2026-05-06 08:40:00', '2026-05-06 15:00:00'),
(142, 27, 10, '南苑空调清洗', '宿舍空调滤网严重积灰', '西校区-南苑-4号楼', 'WEST', 'SOUTH_YARD', 'LIFE_AIRCON', 1, 6, 0, '2026-05-07 09:00:00', '2026-05-07 09:30:00', '2026-05-07 10:00:00', '2026-05-07 11:30:00', '2026-05-07 08:50:00', '2026-05-07 11:30:00');

-- ============================================================
-- 5. 维修中工单 (status=5) -- 负载均衡测试
-- ============================================================
INSERT IGNORE INTO `repair_order` (`order_id`, `user_id`, `repairman_id`, `title`, `description`, `location`, `campus`, `area`, `category`, `urgency`, `status`, `is_urgent`, `audit_time`, `dispatch_time`, `start_time`, `create_time`, `update_time`) VALUES
(143, 28, 10, '西苑空调压缩机更换', '空调压缩机烧毁需更换', '西校区-西苑-1号楼', 'WEST', 'WEST_YARD', 'LIFE_AIRCON', 3, 5, 1, '2026-05-07 08:00:00', '2026-05-07 08:30:00', '2026-05-07 09:00:00', '2026-05-07 07:50:00', '2026-05-07 09:00:00'),
(144, 29, 13, '教学楼多媒体系统升级', 'B区3间教室多媒体设备软件升级', '东校区-教学楼-B区', 'EAST', 'TEACH', 'TEACHING_MULTIMEDIA', 1, 5, 0, '2026-05-06 09:00:00', '2026-05-06 09:30:00', '2026-05-06 10:00:00', '2026-05-06 08:50:00', '2026-05-06 10:00:00');

-- ============================================================
-- 6. 已派单待接单工单 (status=4)
-- ============================================================
INSERT IGNORE INTO `repair_order` (`order_id`, `user_id`, `repairman_id`, `title`, `description`, `location`, `campus`, `area`, `category`, `urgency`, `status`, `is_urgent`, `audit_time`, `dispatch_time`, `create_time`, `update_time`) VALUES
(145, 30, 16, '实验室离心机故障', '离心机运转时有异响', '东校区-教学楼-实验楼402', 'EAST', 'TEACH', 'TEACHING_LAB_EQUIP', 2, 4, 0, '2026-05-08 08:00:00', '2026-05-08 08:30:00', '2026-05-08 07:55:00', '2026-05-08 08:30:00'),
(146, 31, 2, '南苑宿舍网络插座损坏', '墙上网络接口塑料面板碎裂', '西校区-南苑-1号楼', 'WEST', 'SOUTH_YARD', 'LIFE_DORM', 1, 4, 0, '2026-05-08 09:00:00', '2026-05-08 09:30:00', '2026-05-08 08:50:00', '2026-05-08 09:30:00');

-- ============================================================
-- 7. 待派单工单 (status=3)
-- ============================================================
INSERT IGNORE INTO `repair_order` (`order_id`, `user_id`, `title`, `description`, `location`, `campus`, `area`, `category`, `urgency`, `status`, `is_urgent`, `audit_time`, `create_time`, `update_time`) VALUES
(148, 32, '篮球场围网破损', '围网出现大洞，球可能飞出伤人', '东校区-篮球场-2号场', 'EAST', 'TEACH', 'INFRA_BASKETBALL', 2, 3, 0, '2026-05-08 09:00:00', '2026-05-08 08:30:00', '2026-05-08 09:00:00'),
(149, 33, '东苑食堂洗碗槽堵塞', '洗碗槽下水缓慢且有异味，影响后厨卫生', '西校区-东苑-食堂后厨', 'WEST', 'EAST_YARD', 'LIFE_CANTEEN', 3, 3, 1, '2026-05-08 08:00:00', '2026-05-08 07:50:00', '2026-05-08 08:00:00');

-- ============================================================
-- 8. 待审核工单 (status=0)
-- ============================================================
INSERT IGNORE INTO `repair_order` (`order_id`, `user_id`, `title`, `description`, `location`, `campus`, `area`, `category`, `urgency`, `status`, `is_urgent`, `create_time`, `update_time`) VALUES
(150, 34, '宿舍空调遥控器失灵', '遥控器按键无反应，已更换电池仍无效', '东校区-公寓-3栋506', 'EAST', 'APART', 'LIFE_AIRCON', 1, 0, 0, '2026-05-08 10:00:00', '2026-05-08 10:00:00'),
(151, 35, '走廊天花板漏水', '下雨后走廊天花板有水渍滴水', '西校区-北苑-6号楼4楼', 'WEST', 'NORTH_YARD', 'LIFE_DORM', 3, 0, 1, '2026-05-08 09:30:00', '2026-05-08 09:30:00');

-- ============================================================
-- 9. 已拒绝工单 (status=9)
-- ============================================================
INSERT IGNORE INTO `repair_order` (`order_id`, `user_id`, `title`, `description`, `location`, `campus`, `area`, `category`, `urgency`, `status`, `is_urgent`, `remark`, `audit_time`, `create_time`, `update_time`) VALUES
(152, 36, '个人电脑维修', '笔记本电脑无法开机', '东校区-普宿舍-6栋', 'EAST', 'DORM', 'LIFE_DORM', 1, 9, 0, '不在维修范围内，请联系信息中心', '2026-04-30 09:00:00', '2026-04-30 08:30:00', '2026-04-30 09:00:00');

-- ============================================================
-- 10. 已取消工单 (status=10)
-- ============================================================
INSERT IGNORE INTO `repair_order` (`order_id`, `user_id`, `title`, `description`, `location`, `campus`, `area`, `category`, `urgency`, `status`, `is_urgent`, `create_time`, `update_time`) VALUES
(153, 37, '宿舍灯管更换(已自行解决)', '灯管不亮已自己更换', '东校区-普宿舍-3栋', 'EAST', 'DORM', 'LIFE_LIGHTING', 1, 10, 0, '2026-05-02 10:00:00', '2026-05-02 11:00:00');

-- ============================================================
-- 11. 评价数据
-- ============================================================

-- 张建国(10): 5单空调, 评分 5+5+4+5+4 = avg 4.6
INSERT IGNORE INTO `repair_evaluation` (`eval_id`, `order_id`, `score`, `comment`, `is_anonymous`, `is_deleted`, `create_time`, `update_time`) VALUES
(100, 100, 5, '师傅技术好，很快就修好了', 0, 0, '2026-04-10 16:00:00', '2026-04-10 16:00:00'),
(101, 101, 5, '紧急报修响应很快，不到半天就修好了', 0, 0, '2026-04-15 12:00:00', '2026-04-15 12:00:00'),
(102, 102, 4, '修得不错，等待配件花了点时间', 0, 0, '2026-04-20 17:00:00', '2026-04-20 17:00:00'),
(103, 103, 5, '很专业，还帮忙检查了其他空调', 1, 0, '2026-04-25 13:00:00', '2026-04-25 13:00:00'),
(104, 104, 4, '食堂空调修好了，学生们吃饭舒服多了', 0, 0, '2026-05-01 11:00:00', '2026-05-01 11:00:00');

-- 李明辉(11): 4单水类, 评分 5+4+5+4 = avg 4.5
INSERT IGNORE INTO `repair_evaluation` (`eval_id`, `order_id`, `score`, `comment`, `is_anonymous`, `is_deleted`, `create_time`, `update_time`) VALUES
(105, 105, 5, '水龙头换好了，干活利索', 0, 0, '2026-04-08 11:30:00', '2026-04-08 11:30:00'),
(106, 106, 4, '饮水机修好了，等配件时间稍长', 0, 0, '2026-04-12 11:00:00', '2026-04-12 11:00:00'),
(107, 107, 5, '水管爆裂一大早就来了，太感动了', 0, 0, '2026-04-18 09:00:00', '2026-04-18 09:00:00'),
(108, 108, 4, '修好了，态度不错', 1, 0, '2026-04-22 12:30:00', '2026-04-22 12:30:00');

-- 王德发(12): 4单宿舍, 评分 5+5+3+4 = avg 4.25
INSERT IGNORE INTO `repair_evaluation` (`eval_id`, `order_id`, `score`, `comment`, `is_anonymous`, `is_deleted`, `create_time`, `update_time`) VALUES
(109, 109, 5, '门锁紧急维修，半小时就到了', 0, 0, '2026-04-05 10:00:00', '2026-04-05 10:00:00'),
(110, 110, 5, '窗户修得挺好，还帮忙调了其他窗户', 0, 0, '2026-04-14 15:00:00', '2026-04-14 15:00:00'),
(111, 111, 3, '疏通了但过几天又有点堵', 1, 0, '2026-04-19 09:30:00', '2026-04-19 09:30:00'),
(112, 112, 4, '晾衣架修好了，师傅很细心', 0, 0, '2026-04-28 14:00:00', '2026-04-28 14:00:00');

-- 赵志强(13): 4单教学+照明, 评分 4+3+4+3 = avg 3.5
INSERT IGNORE INTO `repair_evaluation` (`eval_id`, `order_id`, `score`, `comment`, `is_anonymous`, `is_deleted`, `create_time`, `update_time`) VALUES
(113, 113, 4, '投影仪修好了，画面清晰多了', 0, 0, '2026-04-06 11:30:00', '2026-04-06 11:30:00'),
(114, 114, 3, '麦克风时好时坏，第二天又出问题了', 0, 0, '2026-04-16 11:00:00', '2026-04-16 11:00:00'),
(115, 115, 4, '实验室电源修好了，没耽误实验课', 0, 0, '2026-04-21 11:00:00', '2026-04-21 11:00:00'),
(116, 116, 3, '灯修好了但有个灯颜色和其他不统一', 1, 0, '2026-04-26 14:00:00', '2026-04-26 14:00:00');

-- 周海龙(16): 4单教学设施, 评分 5+4+5+5 = avg 4.75 (最高)
INSERT IGNORE INTO `repair_evaluation` (`eval_id`, `order_id`, `score`, `comment`, `is_anonymous`, `is_deleted`, `create_time`, `update_time`) VALUES
(123, 123, 5, '电脑修好了，还帮忙调试了投影连接', 0, 0, '2026-03-05 10:30:00', '2026-03-05 10:30:00'),
(124, 124, 4, '显微镜光源修好了，等进口配件花了3天', 0, 0, '2026-03-15 14:00:00', '2026-03-15 14:00:00'),
(125, 125, 5, '中控面板恢复正常，上课不用愁了', 0, 0, '2026-03-25 10:00:00', '2026-03-25 10:00:00'),
(126, 126, 5, '通风柜紧急维修，确保实验安全，非常感谢', 0, 0, '2026-04-03 11:30:00', '2026-04-03 11:30:00');

-- 陈立军(2): 3单混合, 评分 5+4+3 = avg 4.0
INSERT IGNORE INTO `repair_evaluation` (`eval_id`, `order_id`, `score`, `comment`, `is_anonymous`, `is_deleted`, `create_time`, `update_time`) VALUES
(132, 132, 5, '老陈师傅经验丰富，很快就找到问题了', 0, 0, '2026-04-03 14:00:00', '2026-04-03 14:00:00'),
(133, 133, 4, '马桶修好了，不漏水了', 0, 0, '2026-04-11 14:00:00', '2026-04-11 14:00:00'),
(134, 134, 3, '食堂灯修好了但有一排亮度偏暗', 0, 0, '2026-04-27 11:30:00', '2026-04-27 11:30:00');

-- ============================================================
-- 12. 推荐系统验证场景
-- ============================================================
-- 场景1: 新空调工单(EAST/APART/LIFE_AIRCON) → 张建国(100+40+18=158) 排第一
--        原因: 5单空调经验 + 评分4.6，虽有1单在办(-20)仍远超他人
-- 场景2: 新水管工单(EAST/DORM/LIFE_WATER) → 李明辉(100+32+18=150) 排第一
--        原因: 4单水类经验 + 评分4.5 + 2单同区域
-- 场景3: 新多媒体工单(EAST/TEACH/TEACHING_MULTIMEDIA) → 周海龙(100+32+19=151) 排第一
--        原因: 4单同类 + 评分最高4.75 + 6单同区域
-- 场景4: 紧急食堂工单 → 空闲工人获+10加分
-- 场景5: 刘永刚(worker06, status=0)不出现在推荐列表中
