-- =============================================================================
-- 50 条样例工单 + 8 条评价(对应 8 条已评价单) + 12 条聊天
-- 状态：管理员派单版 (0待审核/1审核中/3待派单/4已派单/5维修中/6维修完成/7学生确认/8已评价/9已拒绝/10已取消)
-- 前置: 必须先有 sys_user 数据。执行 backend/.../init_data.sql，建议再 init_all_accounts.sql
-- 导入(Windows 建议): chcp 65001
--        或: mysql --default-character-set=utf8mb4 -h 127.0.0.1 -P 3307 -u root -p campus_repair < sql/seed_repair_orders_50.sql
-- 主键: order 90001-90050, eval 950001-950008(对应 status=8 的 8 单), chat 960001-960012
-- =============================================================================
SET NAMES utf8mb4;
SET FOREIGN_KEY_CHECKS=0;
USE campus_repair;

-- 学号 @s1..@s5：查不到时回退到「任意学生」再回退 1，避免 user_id 为 NULL 导致 1048 错误
SET @s1 := COALESCE(
  (SELECT user_id FROM sys_user WHERE username = '20260001' LIMIT 1),
  (SELECT user_id FROM sys_user WHERE role = 0 AND is_deleted = 0 ORDER BY user_id ASC LIMIT 1),
  1
);
SET @s2 := COALESCE((SELECT user_id FROM sys_user WHERE username = 'stu001' LIMIT 1), @s1);
SET @s3 := COALESCE((SELECT user_id FROM sys_user WHERE username = 'stu002' LIMIT 1), @s1);
SET @s4 := COALESCE((SELECT user_id FROM sys_user WHERE username = 'stu003' LIMIT 1), @s1);
SET @s5 := COALESCE((SELECT user_id FROM sys_user WHERE username = 'stu004' LIMIT 1), @s1);
-- 维修工：支持 worker01 与 repair01，再回退任意维修工/2
SET @w1 := COALESCE(
  (SELECT user_id FROM sys_user WHERE username = 'worker01' LIMIT 1),
  (SELECT user_id FROM sys_user WHERE username = 'repair01' LIMIT 1),
  (SELECT user_id FROM sys_user WHERE role = 1 AND is_deleted = 0 ORDER BY user_id ASC LIMIT 1),
  2
);
SET @w2 := COALESCE((SELECT user_id FROM sys_user WHERE username = 'repair02' LIMIT 1), @w1);
SET @w3 := COALESCE((SELECT user_id FROM sys_user WHERE username = 'repair03' LIMIT 1), @w1);
SET @w4 := COALESCE((SELECT user_id FROM sys_user WHERE username = 'repair04' LIMIT 1), @w1);
SET @t0 := NOW();
SET @ph := '13900000000';
SET @img := '[]';

DELETE FROM chat_message WHERE (id BETWEEN 960001 AND 960999) OR (order_id BETWEEN 90001 AND 90050);
DELETE FROM repair_evaluation WHERE (eval_id BETWEEN 950001 AND 950099) OR (order_id BETWEEN 90001 AND 90050);
DELETE FROM repair_order WHERE order_id BETWEEN 90001 AND 90050;

INSERT INTO `repair_order` (
  `order_id`, `user_id`, `repairman_id`, `title`, `description`, `location`, `phone_number`, `campus`, `area`, `category`, `urgency`, `status`, `images`, `remark`, `is_urgent`,
  `audit_time`, `dispatch_time`, `start_time`, `confirm_time`, `completed_time`, `completed_images`, `version`, `is_deleted`, `create_time`, `update_time`
) VALUES
(90001,@s1,NULL,'【待审核】河东普宿2号·日光灯频闪·301室','报修人：周子涵(20260001·计算机学院)。情况：河东普宿2号现场出现「日光灯频闪」。已影响日常，希望后勤协调。可预约上门时间：工作日下午。联系电话同系统预留。','河东校区·河东普宿2号·301室','13909006300','EAST','DORM','LIFE_LIGHTING',1,0,@img,'seed#50 st=0',0,NULL,NULL,NULL,NULL,NULL,NULL,0,0,DATE_SUB(@t0, INTERVAL 2 DAY) + INTERVAL 0 HOUR,DATE_SUB(@t0, INTERVAL 1 DAY) + INTERVAL 1 HOUR),
(90002,@s2,NULL,'【待审核】河西东苑3号·空调滴水·302室','报修人：张浩(计算机学院)。情况：河西东苑3号现场出现「空调滴水」。已影响日常，希望后勤协调。可预约上门时间：工作日下午。联系电话同系统预留。','河西校区·河西东苑3号·302室','13910006300','WEST','EAST_YARD','LIFE_AIRCON',1,0,@img,'seed#50 st=0',0,NULL,NULL,NULL,NULL,NULL,NULL,0,0,DATE_SUB(@t0, INTERVAL 1 DAY) + INTERVAL 0 HOUR,DATE_SUB(@t0, INTERVAL 1 DAY) + INTERVAL 2 HOUR),
(90003,@s3,NULL,'【待审核】河东一教A103·网口松动·303室','报修人：李思琪(外国语学院)。情况：河东一教A103现场出现「网口松动」。已影响日常，希望后勤协调。可预约上门时间：工作日下午。联系电话同系统预留。','河东校区·河东一教A103·303室','13911006300','EAST','TEACH','TEACHING_MULTIMEDIA',1,0,@img,'seed#50 st=0',0,NULL,NULL,NULL,NULL,NULL,NULL,0,0,DATE_SUB(@t0, INTERVAL 2 DAY) + INTERVAL 0 HOUR,DATE_SUB(@t0, INTERVAL 1 DAY) + INTERVAL 3 HOUR),
(90004,@s4,NULL,'【待审核】河西西苑5号·龙头滴漏·304室','报修人：王梓晨(机电工程学院)。情况：河西西苑5号现场出现「龙头滴漏」。已影响日常，希望后勤协调。可预约上门时间：工作日下午。联系电话同系统预留。','河西校区·河西西苑5号·304室','13912006300','WEST','WEST_YARD','LIFE_WATER',1,0,@img,'seed#50 st=0',0,NULL,NULL,NULL,NULL,NULL,NULL,0,0,DATE_SUB(@t0, INTERVAL 1 DAY) + INTERVAL 0 HOUR,DATE_SUB(@t0, INTERVAL 1 DAY) + INTERVAL 4 HOUR),
(90005,@s5,NULL,'【待审核】河东公寓7号·吸顶不亮·305室','报修人：赵心怡(经济管理学院)。情况：河东公寓7号现场出现「吸顶不亮」。已影响日常，希望后勤协调。可预约上门时间：工作日下午。联系电话同系统预留。','河东校区·河东公寓7号·305室','13913006300','EAST','APART','LIFE_DORM',1,0,@img,'seed#50 st=0',0,NULL,NULL,NULL,NULL,NULL,NULL,0,0,DATE_SUB(@t0, INTERVAL 2 DAY) + INTERVAL 0 HOUR,DATE_SUB(@t0, INTERVAL 1 DAY) + INTERVAL 5 HOUR),
(90006,@s1,NULL,'【待审核】河西南苑·门把松动·306室','报修人：周子涵(20260001·计算机学院)。情况：河西南苑现场出现「门把松动」。已影响日常，希望后勤协调。可预约上门时间：工作日下午。联系电话同系统预留。','河西校区·河西南苑·306室','13914006300','WEST','SOUTH_YARD','LIFE_CANTEEN',1,0,@img,'seed#50 st=0',0,NULL,NULL,NULL,NULL,NULL,NULL,0,0,DATE_SUB(@t0, INTERVAL 1 DAY) + INTERVAL 0 HOUR,DATE_SUB(@t0, INTERVAL 1 DAY) + INTERVAL 6 HOUR),
(90007,@s2,NULL,'【审核中】河东逸夫图3F·投影色偏·307室','报修人：张浩(计算机学院)。情况：河东逸夫图3F现场出现「投影色偏」。已影响日常，希望后勤协调。可预约上门时间：工作日下午。联系电话同系统预留。','河东校区·河东逸夫图3F·307室','13915006300','EAST','LIB','LIFE_LIGHTING',1,1,@img,'seed#50 st=1',0,DATE_SUB(@t0, INTERVAL 15 DAY) + INTERVAL 0 HOUR,NULL,NULL,NULL,NULL,NULL,0,0,DATE_SUB(@t0, INTERVAL 5 DAY) + INTERVAL 0 HOUR,DATE_SUB(@t0, INTERVAL 1 DAY) + INTERVAL 7 HOUR),
(90008,@s3,NULL,'【审核中】河西北苑·插座无电·308室','报修人：李思琪(外国语学院)。情况：河西北苑现场出现「插座无电」。已影响日常，希望后勤协调。可预约上门时间：工作日下午。联系电话同系统预留。','河西校区·河西北苑·308室','13916006300','WEST','NORTH_YARD','LIFE_DORM',1,1,@img,'seed#50 st=1',0,DATE_SUB(@t0, INTERVAL 16 DAY) + INTERVAL 0 HOUR,NULL,NULL,NULL,NULL,NULL,0,0,DATE_SUB(@t0, INTERVAL 2 DAY) + INTERVAL 0 HOUR,DATE_SUB(@t0, INTERVAL 1 DAY) + INTERVAL 0 HOUR),
(90009,@s4,NULL,'【审核中】河东普宿8号·地漏慢·309室','报修人：王梓晨(机电工程学院)。情况：河东普宿8号现场出现「地漏慢」。已影响日常，希望后勤协调。可预约上门时间：工作日下午。联系电话同系统预留。','河东校区·河东普宿8号·309室','13917006300','EAST','DORM','LIFE_WASHER',1,1,@img,'seed#50 st=1',0,DATE_SUB(@t0, INTERVAL 17 DAY) + INTERVAL 0 HOUR,NULL,NULL,NULL,NULL,NULL,0,0,DATE_SUB(@t0, INTERVAL 3 DAY) + INTERVAL 0 HOUR,DATE_SUB(@t0, INTERVAL 1 DAY) + INTERVAL 1 HOUR),
(90010,@s5,NULL,'【审核中】河西东苑1号·空开跳闸·310室','报修人：赵心怡(经济管理学院)。情况：河西东苑1号现场出现「空开跳闸」。已影响日常，希望后勤协调。可预约上门时间：工作日下午。联系电话同系统预留。','河西校区·河西东苑1号·310室','13918006300','WEST','EAST_YARD','LIFE_DORM',1,1,@img,'seed#50 st=1',0,DATE_SUB(@t0, INTERVAL 18 DAY) + INTERVAL 0 HOUR,NULL,NULL,NULL,NULL,NULL,0,0,DATE_SUB(@t0, INTERVAL 4 DAY) + INTERVAL 0 HOUR,DATE_SUB(@t0, INTERVAL 1 DAY) + INTERVAL 2 HOUR),
(90011,@s1,NULL,'【审核中】河东普宿2号·外机异响·311室','报修人：周子涵(20260001·计算机学院)。情况：河东普宿2号现场出现「外机异响」。已影响日常，希望后勤协调。可预约上门时间：工作日下午。联系电话同系统预留。','河东校区·河东普宿2号·311室','13919006300','EAST','DORM','LIFE_LIGHTING',1,1,@img,'seed#50 st=1',0,DATE_SUB(@t0, INTERVAL 19 DAY) + INTERVAL 0 HOUR,NULL,NULL,NULL,NULL,NULL,0,0,DATE_SUB(@t0, INTERVAL 5 DAY) + INTERVAL 0 HOUR,DATE_SUB(@t0, INTERVAL 1 DAY) + INTERVAL 3 HOUR),
(90012,@s2,NULL,'【待派单】河西东苑3号·窗玻璃裂·312室','报修人：张浩(计算机学院)。情况：河西东苑3号现场出现「窗玻璃裂」。已影响日常，希望后勤协调。可预约上门时间：工作日下午。联系电话同系统预留。','河西校区·河西东苑3号·312室','13920006300','WEST','EAST_YARD','LIFE_AIRCON',1,3,@img,'seed#50 st=3',0,DATE_SUB(@t0, INTERVAL 22 DAY) + INTERVAL 0 HOUR,NULL,NULL,NULL,NULL,NULL,0,0,DATE_SUB(@t0, INTERVAL 15 DAY) + INTERVAL 4 HOUR,DATE_SUB(@t0, INTERVAL 1 DAY) + INTERVAL 4 HOUR),
(90013,@s3,NULL,'【待派单】河东一教A103·开水不热·313室','报修人：李思琪(外国语学院)。情况：河东一教A103现场出现「开水不热」。已影响日常，希望后勤协调。可预约上门时间：工作日下午。联系电话同系统预留。','河东校区·河东一教A103·313室','13921006301','EAST','TEACH','TEACHING_MULTIMEDIA',2,3,@img,'seed#50 st=3',0,DATE_SUB(@t0, INTERVAL 23 DAY) + INTERVAL 0 HOUR,NULL,NULL,NULL,NULL,NULL,0,0,DATE_SUB(@t0, INTERVAL 16 DAY) + INTERVAL 1 HOUR,DATE_SUB(@t0, INTERVAL 1 DAY) + INTERVAL 5 HOUR),
(90014,@s4,NULL,'【待派单】河西西苑5号·电梯灯坏·314室','报修人：王梓晨(机电工程学院)。情况：河西西苑5号现场出现「电梯灯坏」。已影响日常，希望后勤协调。可预约上门时间：工作日下午。联系电话同系统预留。','河西校区·河西西苑5号·314室','13922006301','WEST','WEST_YARD','LIFE_WATER',1,3,@img,'seed#50 st=3',0,DATE_SUB(@t0, INTERVAL 24 DAY) + INTERVAL 0 HOUR,NULL,NULL,NULL,NULL,NULL,0,0,DATE_SUB(@t0, INTERVAL 17 DAY) + INTERVAL 3 HOUR,DATE_SUB(@t0, INTERVAL 1 DAY) + INTERVAL 6 HOUR),
(90015,@s5,NULL,'【待派单】河东公寓7号·地面积水·315室','报修人：赵心怡(经济管理学院)。情况：河东公寓7号现场出现「地面积水」。已影响日常，希望后勤协调。可预约上门时间：工作日下午。联系电话同系统预留。','河东校区·河东公寓7号·315室','13923006301','EAST','APART','LIFE_DORM',2,3,@img,'seed#50 st=3',0,DATE_SUB(@t0, INTERVAL 25 DAY) + INTERVAL 0 HOUR,NULL,NULL,NULL,NULL,NULL,0,0,DATE_SUB(@t0, INTERVAL 18 DAY) + INTERVAL 0 HOUR,DATE_SUB(@t0, INTERVAL 1 DAY) + INTERVAL 7 HOUR),
(90016,@s1,NULL,'【待派单】河西南苑·窗帘脱轨·316室','报修人：周子涵(20260001·计算机学院)。情况：河西南苑现场出现「窗帘脱轨」。已影响日常，希望后勤协调。可预约上门时间：工作日下午。联系电话同系统预留。','河西校区·河西南苑·316室','13924006301','WEST','SOUTH_YARD','LIFE_CANTEEN',3,3,@img,'seed#50 st=3',1,DATE_SUB(@t0, INTERVAL 26 DAY) + INTERVAL 0 HOUR,NULL,NULL,NULL,NULL,NULL,0,0,DATE_SUB(@t0, INTERVAL 19 DAY) + INTERVAL 2 HOUR,DATE_SUB(@t0, INTERVAL 1 DAY) + INTERVAL 0 HOUR),
(90017,@s2,NULL,'【待派单】河东逸夫图3F·排风噪音·317室','报修人：张浩(计算机学院)。情况：河东逸夫图3F现场出现「排风噪音」。已影响日常，希望后勤协调。可预约上门时间：工作日下午。联系电话同系统预留。','河东校区·河东逸夫图3F·317室','13925006301','EAST','LIB','LIFE_LIGHTING',3,3,@img,'seed#50 st=3',0,DATE_SUB(@t0, INTERVAL 27 DAY) + INTERVAL 0 HOUR,NULL,NULL,NULL,NULL,NULL,0,0,DATE_SUB(@t0, INTERVAL 20 DAY) + INTERVAL 4 HOUR,DATE_SUB(@t0, INTERVAL 1 DAY) + INTERVAL 1 HOUR),
(90018,@s3,NULL,'【待派单】河西北苑·反味·318室','报修人：李思琪(外国语学院)。情况：河西北苑现场出现「反味」。已影响日常，希望后勤协调。可预约上门时间：工作日下午。联系电话同系统预留。','河西校区·河西北苑·318室','13926006301','WEST','NORTH_YARD','LIFE_DORM',1,3,@img,'seed#50 st=3',0,DATE_SUB(@t0, INTERVAL 28 DAY) + INTERVAL 0 HOUR,NULL,NULL,NULL,NULL,NULL,0,0,DATE_SUB(@t0, INTERVAL 21 DAY) + INTERVAL 1 HOUR,DATE_SUB(@t0, INTERVAL 1 DAY) + INTERVAL 2 HOUR),
(90019,@s4,@w4,'【已派工】河东普宿8号·阳台渗水·319室','报修人：王梓晨(机电工程学院)。情况：河东普宿8号现场出现「阳台渗水」。已影响日常，希望后勤协调。可预约上门时间：工作日下午。联系电话同系统预留。','河东校区·河东普宿8号·319室','13927006301','EAST','DORM','LIFE_WASHER',2,4,@img,'seed#50 st=4',0,DATE_SUB(@t0, INTERVAL 29 DAY) + INTERVAL 0 HOUR,DATE_SUB(@t0, INTERVAL 28 DAY) + INTERVAL 0 HOUR,NULL,NULL,NULL,NULL,0,0,DATE_SUB(@t0, INTERVAL 22 DAY) + INTERVAL 3 HOUR,DATE_SUB(@t0, INTERVAL 1 DAY) + INTERVAL 3 HOUR),
(90020,@s5,@w1,'【已派工】河西东苑1号·应急灯不亮·320室','报修人：赵心怡(经济管理学院)。情况：河西东苑1号现场出现「应急灯不亮」。已影响日常，希望后勤协调。可预约上门时间：工作日下午。联系电话同系统预留。','河西校区·河西东苑1号·320室','13928006301','WEST','EAST_YARD','LIFE_DORM',1,4,@img,'seed#50 st=4',0,DATE_SUB(@t0, INTERVAL 10 DAY) + INTERVAL 0 HOUR,DATE_SUB(@t0, INTERVAL 9 DAY) + INTERVAL 0 HOUR,NULL,NULL,NULL,NULL,0,0,DATE_SUB(@t0, INTERVAL 3 DAY) + INTERVAL 0 HOUR,DATE_SUB(@t0, INTERVAL 1 DAY) + INTERVAL 4 HOUR),
(90021,@s1,@w2,'【已派工】河东普宿2号·中控失灵·321室','报修人：周子涵(20260001·计算机学院)。情况：河东普宿2号现场出现「中控失灵」。已影响日常，希望后勤协调。可预约上门时间：工作日下午。联系电话同系统预留。','河东校区·河东普宿2号·321室','13929006301','EAST','DORM','LIFE_LIGHTING',2,4,@img,'seed#50 st=4',0,DATE_SUB(@t0, INTERVAL 11 DAY) + INTERVAL 0 HOUR,DATE_SUB(@t0, INTERVAL 10 DAY) + INTERVAL 0 HOUR,NULL,NULL,NULL,NULL,0,0,DATE_SUB(@t0, INTERVAL 4 DAY) + INTERVAL 2 HOUR,DATE_SUB(@t0, INTERVAL 1 DAY) + INTERVAL 5 HOUR),
(90022,@s2,@w3,'【已派工】河西东苑3号·课桌脱钉·322室','报修人：张浩(计算机学院)。情况：河西东苑3号现场出现「课桌脱钉」。已影响日常，希望后勤协调。可预约上门时间：工作日下午。联系电话同系统预留。','河西校区·河西东苑3号·322室','13930006301','WEST','EAST_YARD','LIFE_AIRCON',1,4,@img,'seed#50 st=4',0,DATE_SUB(@t0, INTERVAL 12 DAY) + INTERVAL 0 HOUR,DATE_SUB(@t0, INTERVAL 11 DAY) + INTERVAL 0 HOUR,NULL,NULL,NULL,NULL,0,0,DATE_SUB(@t0, INTERVAL 5 DAY) + INTERVAL 4 HOUR,DATE_SUB(@t0, INTERVAL 1 DAY) + INTERVAL 6 HOUR),
(90023,@s3,@w4,'【维修中】河东一教A103·消栓门形变·323室','报修人：李思琪(外国语学院)。情况：河东一教A103现场出现「消栓门形变」。已影响日常，希望后勤协调。可预约上门时间：工作日下午。联系电话同系统预留。','河东校区·河东一教A103·323室','13931006301','EAST','TEACH','TEACHING_MULTIMEDIA',2,5,@img,'seed#50 st=5',0,DATE_SUB(@t0, INTERVAL 14 DAY) + INTERVAL 0 HOUR,DATE_SUB(@t0, INTERVAL 13 DAY) + INTERVAL 0 HOUR,DATE_SUB(@t0, INTERVAL 12 DAY) + INTERVAL 0 HOUR,NULL,NULL,NULL,0,0,DATE_SUB(@t0, INTERVAL 6 DAY) + INTERVAL 1 HOUR,DATE_SUB(@t0, INTERVAL 1 DAY) + INTERVAL 7 HOUR),
(90024,@s4,@w1,'【维修中】河西西苑5号·弱电异味·324室','报修人：王梓晨(机电工程学院)。情况：河西西苑5号现场出现「弱电异味」。已影响日常，希望后勤协调。可预约上门时间：工作日下午。联系电话同系统预留。','河西校区·河西西苑5号·324室','13932006301','WEST','WEST_YARD','LIFE_WATER',1,5,@img,'seed#50 st=5',0,DATE_SUB(@t0, INTERVAL 15 DAY) + INTERVAL 0 HOUR,DATE_SUB(@t0, INTERVAL 14 DAY) + INTERVAL 0 HOUR,DATE_SUB(@t0, INTERVAL 13 DAY) + INTERVAL 0 HOUR,NULL,NULL,NULL,0,0,DATE_SUB(@t0, INTERVAL 7 DAY) + INTERVAL 3 HOUR,DATE_SUB(@t0, INTERVAL 1 DAY) + INTERVAL 0 HOUR),
(90025,@s5,@w2,'【维修中】河东公寓7号·排水返味·325室','报修人：赵心怡(经济管理学院)。情况：河东公寓7号现场出现「排水返味」。已影响日常，希望后勤协调。可预约上门时间：工作日下午。联系电话同系统预留。','河东校区·河东公寓7号·325室','13933006301','EAST','APART','LIFE_DORM',2,5,@img,'seed#50 st=5',0,DATE_SUB(@t0, INTERVAL 16 DAY) + INTERVAL 0 HOUR,DATE_SUB(@t0, INTERVAL 15 DAY) + INTERVAL 0 HOUR,DATE_SUB(@t0, INTERVAL 14 DAY) + INTERVAL 0 HOUR,NULL,NULL,NULL,0,0,DATE_SUB(@t0, INTERVAL 8 DAY) + INTERVAL 0 HOUR,DATE_SUB(@t0, INTERVAL 1 DAY) + INTERVAL 1 HOUR),
(90026,@s1,@w3,'【维修中】河西南苑·墙皮起壳·326室','报修人：周子涵(20260001·计算机学院)。情况：河西南苑现场出现「墙皮起壳」。已影响日常，希望后勤协调。可预约上门时间：工作日下午。联系电话同系统预留。','河西校区·河西南苑·326室','13934006302','WEST','SOUTH_YARD','LIFE_CANTEEN',1,5,@img,'seed#50 st=5',0,DATE_SUB(@t0, INTERVAL 17 DAY) + INTERVAL 0 HOUR,DATE_SUB(@t0, INTERVAL 16 DAY) + INTERVAL 0 HOUR,DATE_SUB(@t0, INTERVAL 15 DAY) + INTERVAL 0 HOUR,NULL,NULL,NULL,0,0,DATE_SUB(@t0, INTERVAL 9 DAY) + INTERVAL 2 HOUR,DATE_SUB(@t0, INTERVAL 1 DAY) + INTERVAL 2 HOUR),
(90027,@s2,@w4,'【维修中】河东逸夫图3F·关窗不严·327室','报修人：张浩(计算机学院)。情况：河东逸夫图3F现场出现「关窗不严」。已影响日常，希望后勤协调。可预约上门时间：工作日下午。联系电话同系统预留。','河东校区·河东逸夫图3F·327室','13935006302','EAST','LIB','LIFE_LIGHTING',2,5,@img,'seed#50 st=5',0,DATE_SUB(@t0, INTERVAL 18 DAY) + INTERVAL 0 HOUR,DATE_SUB(@t0, INTERVAL 17 DAY) + INTERVAL 0 HOUR,DATE_SUB(@t0, INTERVAL 16 DAY) + INTERVAL 0 HOUR,NULL,NULL,NULL,0,0,DATE_SUB(@t0, INTERVAL 10 DAY) + INTERVAL 4 HOUR,DATE_SUB(@t0, INTERVAL 1 DAY) + INTERVAL 3 HOUR),
(90028,@s3,@w1,'【维修完待学生确认】河西北苑·排风扇停·328室','报修人：李思琪(外国语学院)。情况：河西北苑现场出现「排风扇停」。已影响日常，希望后勤协调。可预约上门时间：工作日下午。联系电话同系统预留。','河西校区·河西北苑·328室','13936006302','WEST','NORTH_YARD','LIFE_DORM',1,6,@img,'seed#50 st=6',0,DATE_SUB(@t0, INTERVAL 19 DAY) + INTERVAL 0 HOUR,DATE_SUB(@t0, INTERVAL 18 DAY) + INTERVAL 0 HOUR,DATE_SUB(@t0, INTERVAL 17 DAY) + INTERVAL 0 HOUR,NULL,DATE_SUB(@t0, INTERVAL 16 DAY) + INTERVAL 0 HOUR,NULL,0,0,DATE_SUB(@t0, INTERVAL 11 DAY) + INTERVAL 1 HOUR,DATE_SUB(@t0, INTERVAL 1 DAY) + INTERVAL 4 HOUR),
(90029,@s4,@w2,'【维修完待学生确认】河东普宿8号·电表异响·329室','报修人：王梓晨(机电工程学院)。情况：河东普宿8号现场出现「电表异响」。已影响日常，希望后勤协调。可预约上门时间：工作日下午。联系电话同系统预留。','河东校区·河东普宿8号·329室','13937006302','EAST','DORM','LIFE_WASHER',2,6,@img,'seed#50 st=6',0,DATE_SUB(@t0, INTERVAL 20 DAY) + INTERVAL 0 HOUR,DATE_SUB(@t0, INTERVAL 19 DAY) + INTERVAL 0 HOUR,DATE_SUB(@t0, INTERVAL 18 DAY) + INTERVAL 0 HOUR,NULL,DATE_SUB(@t0, INTERVAL 17 DAY) + INTERVAL 0 HOUR,NULL,0,0,DATE_SUB(@t0, INTERVAL 12 DAY) + INTERVAL 3 HOUR,DATE_SUB(@t0, INTERVAL 1 DAY) + INTERVAL 5 HOUR),
(90030,@s5,@w3,'【维修完待学生确认】河西东苑1号·水温不稳·330室','报修人：赵心怡(经济管理学院)。情况：河西东苑1号现场出现「水温不稳」。已影响日常，希望后勤协调。可预约上门时间：工作日下午。联系电话同系统预留。','河西校区·河西东苑1号·330室','13938006302','WEST','EAST_YARD','LIFE_DORM',1,6,@img,'seed#50 st=6',0,DATE_SUB(@t0, INTERVAL 21 DAY) + INTERVAL 0 HOUR,DATE_SUB(@t0, INTERVAL 20 DAY) + INTERVAL 0 HOUR,DATE_SUB(@t0, INTERVAL 19 DAY) + INTERVAL 0 HOUR,NULL,DATE_SUB(@t0, INTERVAL 18 DAY) + INTERVAL 0 HOUR,NULL,0,0,DATE_SUB(@t0, INTERVAL 13 DAY) + INTERVAL 0 HOUR,DATE_SUB(@t0, INTERVAL 1 DAY) + INTERVAL 6 HOUR),
(90031,@s1,@w4,'【已确认待评价】河东普宿2号·地插松·331室','报修人：周子涵(20260001·计算机学院)。情况：河东普宿2号现场出现「地插松」。已影响日常，希望后勤协调。可预约上门时间：工作日下午。联系电话同系统预留。','河东校区·河东普宿2号·331室','13939006302','EAST','DORM','LIFE_LIGHTING',1,7,@img,'seed#50 st=7',0,DATE_SUB(@t0, INTERVAL 23 DAY) + INTERVAL 0 HOUR,DATE_SUB(@t0, INTERVAL 22 DAY) + INTERVAL 0 HOUR,DATE_SUB(@t0, INTERVAL 21 DAY) + INTERVAL 0 HOUR,DATE_SUB(@t0, INTERVAL 19 DAY) + INTERVAL 0 HOUR,DATE_SUB(@t0, INTERVAL 19 DAY) + INTERVAL 0 HOUR,NULL,0,0,DATE_SUB(@t0, INTERVAL 14 DAY) + INTERVAL 2 HOUR,DATE_SUB(@t0, INTERVAL 1 DAY) + INTERVAL 7 HOUR),
(90032,@s2,@w1,'【已确认待评价】河西东苑3号·通道全黑·332室','报修人：张浩(计算机学院)。情况：河西东苑3号现场出现「通道全黑」。已影响日常，希望后勤协调。可预约上门时间：工作日下午。联系电话同系统预留。','河西校区·河西东苑3号·332室','13940006302','WEST','EAST_YARD','LIFE_AIRCON',1,7,@img,'seed#50 st=7',0,DATE_SUB(@t0, INTERVAL 24 DAY) + INTERVAL 0 HOUR,DATE_SUB(@t0, INTERVAL 23 DAY) + INTERVAL 0 HOUR,DATE_SUB(@t0, INTERVAL 22 DAY) + INTERVAL 0 HOUR,DATE_SUB(@t0, INTERVAL 20 DAY) + INTERVAL 0 HOUR,DATE_SUB(@t0, INTERVAL 20 DAY) + INTERVAL 0 HOUR,NULL,0,0,DATE_SUB(@t0, INTERVAL 15 DAY) + INTERVAL 4 HOUR,DATE_SUB(@t0, INTERVAL 1 DAY) + INTERVAL 0 HOUR),
(90033,@s3,@w2,'【已评价(闭环)】河东一教A103·车棚灯坏·333室','报修人：李思琪(外国语学院)。情况：河东一教A103现场出现「车棚灯坏」。已影响日常，希望后勤协调。可预约上门时间：工作日下午。联系电话同系统预留。','河东校区·河东一教A103·333室','13941006302','EAST','TEACH','TEACHING_MULTIMEDIA',1,8,@img,'seed#50 st=8',0,DATE_SUB(@t0, INTERVAL 25 DAY) + INTERVAL 0 HOUR,DATE_SUB(@t0, INTERVAL 24 DAY) + INTERVAL 0 HOUR,DATE_SUB(@t0, INTERVAL 23 DAY) + INTERVAL 0 HOUR,DATE_SUB(@t0, INTERVAL 22 DAY) + INTERVAL 0 HOUR,DATE_SUB(@t0, INTERVAL 21 DAY) + INTERVAL 0 HOUR,NULL,0,0,DATE_SUB(@t0, INTERVAL 16 DAY) + INTERVAL 1 HOUR,DATE_SUB(@t0, INTERVAL 1 DAY) + INTERVAL 1 HOUR),
(90034,@s4,@w3,'【已评价(闭环)】河西西苑5号·路面积水·334室','报修人：王梓晨(机电工程学院)。情况：河西西苑5号现场出现「路面积水」。已影响日常，希望后勤协调。可预约上门时间：工作日下午。联系电话同系统预留。','河西校区·河西西苑5号·334室','13942006302','WEST','WEST_YARD','LIFE_WATER',1,8,@img,'seed#50 st=8',0,DATE_SUB(@t0, INTERVAL 26 DAY) + INTERVAL 0 HOUR,DATE_SUB(@t0, INTERVAL 25 DAY) + INTERVAL 0 HOUR,DATE_SUB(@t0, INTERVAL 24 DAY) + INTERVAL 0 HOUR,DATE_SUB(@t0, INTERVAL 23 DAY) + INTERVAL 0 HOUR,DATE_SUB(@t0, INTERVAL 22 DAY) + INTERVAL 0 HOUR,NULL,0,0,DATE_SUB(@t0, INTERVAL 17 DAY) + INTERVAL 3 HOUR,DATE_SUB(@t0, INTERVAL 1 DAY) + INTERVAL 2 HOUR),
(90035,@s5,@w4,'【已评价(闭环)】河东公寓7号·触屏不亮·335室','报修人：赵心怡(经济管理学院)。情况：河东公寓7号现场出现「触屏不亮」。已影响日常，希望后勤协调。可预约上门时间：工作日下午。联系电话同系统预留。','河东校区·河东公寓7号·335室','13943006302','EAST','APART','LIFE_DORM',1,8,@img,'seed#50 st=8',0,DATE_SUB(@t0, INTERVAL 27 DAY) + INTERVAL 0 HOUR,DATE_SUB(@t0, INTERVAL 26 DAY) + INTERVAL 0 HOUR,DATE_SUB(@t0, INTERVAL 25 DAY) + INTERVAL 0 HOUR,DATE_SUB(@t0, INTERVAL 24 DAY) + INTERVAL 0 HOUR,DATE_SUB(@t0, INTERVAL 23 DAY) + INTERVAL 0 HOUR,NULL,0,0,DATE_SUB(@t0, INTERVAL 18 DAY) + INTERVAL 0 HOUR,DATE_SUB(@t0, INTERVAL 1 DAY) + INTERVAL 3 HOUR),
(90036,@s1,@w1,'【已评价(闭环)】河西南苑·打纸机卡·336室','报修人：周子涵(20260001·计算机学院)。情况：河西南苑现场出现「打纸机卡」。已影响日常，希望后勤协调。可预约上门时间：工作日下午。联系电话同系统预留。','河西校区·河西南苑·336室','13944006302','WEST','SOUTH_YARD','LIFE_CANTEEN',1,8,@img,'seed#50 st=8',0,DATE_SUB(@t0, INTERVAL 28 DAY) + INTERVAL 0 HOUR,DATE_SUB(@t0, INTERVAL 27 DAY) + INTERVAL 0 HOUR,DATE_SUB(@t0, INTERVAL 26 DAY) + INTERVAL 0 HOUR,DATE_SUB(@t0, INTERVAL 25 DAY) + INTERVAL 0 HOUR,DATE_SUB(@t0, INTERVAL 24 DAY) + INTERVAL 0 HOUR,NULL,0,0,DATE_SUB(@t0, INTERVAL 19 DAY) + INTERVAL 2 HOUR,DATE_SUB(@t0, INTERVAL 1 DAY) + INTERVAL 4 HOUR),
(90037,@s2,@w2,'【已评价(闭环)】河东逸夫图3F·门感应失·337室','报修人：张浩(计算机学院)。情况：河东逸夫图3F现场出现「门感应失」。已影响日常，希望后勤协调。可预约上门时间：工作日下午。联系电话同系统预留。','河东校区·河东逸夫图3F·337室','13945006302','EAST','LIB','LIFE_LIGHTING',1,8,@img,'seed#50 st=8',0,DATE_SUB(@t0, INTERVAL 29 DAY) + INTERVAL 0 HOUR,DATE_SUB(@t0, INTERVAL 28 DAY) + INTERVAL 0 HOUR,DATE_SUB(@t0, INTERVAL 27 DAY) + INTERVAL 0 HOUR,DATE_SUB(@t0, INTERVAL 26 DAY) + INTERVAL 0 HOUR,DATE_SUB(@t0, INTERVAL 25 DAY) + INTERVAL 0 HOUR,NULL,0,0,DATE_SUB(@t0, INTERVAL 20 DAY) + INTERVAL 4 HOUR,DATE_SUB(@t0, INTERVAL 1 DAY) + INTERVAL 5 HOUR),
(90038,@s3,@w3,'【已评价(闭环)】河西北苑·支架松·338室','报修人：李思琪(外国语学院)。情况：河西北苑现场出现「支架松」。已影响日常，希望后勤协调。可预约上门时间：工作日下午。联系电话同系统预留。','河西校区·河西北苑·338室','13946006303','WEST','NORTH_YARD','LIFE_DORM',1,8,@img,'seed#50 st=8',0,DATE_SUB(@t0, INTERVAL 30 DAY) + INTERVAL 0 HOUR,DATE_SUB(@t0, INTERVAL 29 DAY) + INTERVAL 0 HOUR,DATE_SUB(@t0, INTERVAL 28 DAY) + INTERVAL 0 HOUR,DATE_SUB(@t0, INTERVAL 27 DAY) + INTERVAL 0 HOUR,DATE_SUB(@t0, INTERVAL 26 DAY) + INTERVAL 0 HOUR,NULL,0,0,DATE_SUB(@t0, INTERVAL 21 DAY) + INTERVAL 1 HOUR,DATE_SUB(@t0, INTERVAL 1 DAY) + INTERVAL 6 HOUR),
(90039,@s4,@w4,'【已评价(闭环)】河东普宿8号·插排跳闸·339室','报修人：王梓晨(机电工程学院)。情况：河东普宿8号现场出现「插排跳闸」。已影响日常，希望后勤协调。可预约上门时间：工作日下午。联系电话同系统预留。','河东校区·河东普宿8号·339室','13947006303','EAST','DORM','LIFE_WASHER',1,8,@img,'seed#50 st=8',0,DATE_SUB(@t0, INTERVAL 31 DAY) + INTERVAL 0 HOUR,DATE_SUB(@t0, INTERVAL 30 DAY) + INTERVAL 0 HOUR,DATE_SUB(@t0, INTERVAL 29 DAY) + INTERVAL 0 HOUR,DATE_SUB(@t0, INTERVAL 28 DAY) + INTERVAL 0 HOUR,DATE_SUB(@t0, INTERVAL 27 DAY) + INTERVAL 0 HOUR,NULL,0,0,DATE_SUB(@t0, INTERVAL 22 DAY) + INTERVAL 3 HOUR,DATE_SUB(@t0, INTERVAL 1 DAY) + INTERVAL 7 HOUR),
(90040,@s5,@w1,'【已评价(闭环)】河西东苑1号·限电误报·340室','报修人：赵心怡(经济管理学院)。情况：河西东苑1号现场出现「限电误报」。已影响日常，希望后勤协调。可预约上门时间：工作日下午。联系电话同系统预留。','河西校区·河西东苑1号·340室','13948006303','WEST','EAST_YARD','LIFE_DORM',1,8,@img,'seed#50 st=8',0,DATE_SUB(@t0, INTERVAL 12 DAY) + INTERVAL 0 HOUR,DATE_SUB(@t0, INTERVAL 11 DAY) + INTERVAL 0 HOUR,DATE_SUB(@t0, INTERVAL 10 DAY) + INTERVAL 0 HOUR,DATE_SUB(@t0, INTERVAL 9 DAY) + INTERVAL 0 HOUR,DATE_SUB(@t0, INTERVAL 8 DAY) + INTERVAL 0 HOUR,NULL,0,0,DATE_SUB(@t0, INTERVAL 3 DAY) + INTERVAL 0 HOUR,DATE_SUB(@t0, INTERVAL 1 DAY) + INTERVAL 0 HOUR),
(90041,@s1,NULL,'【已驳回】河东普宿2号·廊灯不亮·341室','报修人：周子涵(20260001·计算机学院)。廊灯不亮。审核意见：与既有工单重复或材料不全，请合并处理。','河东校区·河东普宿2号·341室','13949006303','EAST','DORM','LIFE_LIGHTING',1,9,@img,'seed#50 st=9',0,DATE_SUB(@t0, INTERVAL 9 DAY) + INTERVAL 0 HOUR,NULL,NULL,NULL,NULL,NULL,0,0,DATE_SUB(@t0, INTERVAL 4 DAY) + INTERVAL 2 HOUR,DATE_SUB(@t0, INTERVAL 1 DAY) + INTERVAL 1 HOUR),
(90042,@s2,NULL,'【已取消】河西东苑3号·梯扶松·342室','报修人：张浩(计算机学院)。梯扶松。因离校/自修，学生申请撤销本次报修。','河西校区·河西东苑3号·342室','13950006303','WEST','EAST_YARD','LIFE_AIRCON',1,10,@img,'seed#50 st=10',0,DATE_SUB(@t0, INTERVAL 11 DAY) + INTERVAL 0 HOUR,NULL,NULL,NULL,NULL,NULL,0,0,DATE_SUB(@t0, INTERVAL 5 DAY) + INTERVAL 4 HOUR,DATE_SUB(@t0, INTERVAL 1 DAY) + INTERVAL 2 HOUR),
(90043,@s3,@w4,'【已派工】河东一教A103·消防灯弱·343室','报修人：李思琪(外国语学院)。情况：河东一教A103现场出现「消防灯弱」。已影响日常，希望后勤协调。可预约上门时间：工作日下午。联系电话同系统预留。','河东校区·河东一教A103·343室','13951006303','EAST','TEACH','TEACHING_MULTIMEDIA',2,4,@img,'seed#50 st=4',0,DATE_SUB(@t0, INTERVAL 13 DAY) + INTERVAL 0 HOUR,DATE_SUB(@t0, INTERVAL 12 DAY) + INTERVAL 0 HOUR,NULL,NULL,NULL,NULL,0,0,DATE_SUB(@t0, INTERVAL 6 DAY) + INTERVAL 1 HOUR,DATE_SUB(@t0, INTERVAL 1 DAY) + INTERVAL 3 HOUR),
(90044,@s4,@w1,'【已派工】河西西苑5号·与旧单重·344室','报修人：王梓晨(机电工程学院)。情况：河西西苑5号现场出现「与旧单重」。已影响日常，希望后勤协调。可预约上门时间：工作日下午。联系电话同系统预留。','河西校区·河西西苑5号·344室','13952006303','WEST','WEST_YARD','LIFE_WATER',1,4,@img,'seed#50 st=4',0,DATE_SUB(@t0, INTERVAL 14 DAY) + INTERVAL 0 HOUR,DATE_SUB(@t0, INTERVAL 13 DAY) + INTERVAL 0 HOUR,NULL,NULL,NULL,NULL,0,0,DATE_SUB(@t0, INTERVAL 7 DAY) + INTERVAL 3 HOUR,DATE_SUB(@t0, INTERVAL 1 DAY) + INTERVAL 4 HOUR),
(90045,@s5,@w2,'【已派工】河东公寓7号·假期不用·345室','报修人：赵心怡(经济管理学院)。情况：河东公寓7号现场出现「假期不用」。已影响日常，希望后勤协调。可预约上门时间：工作日下午。联系电话同系统预留。','河东校区·河东公寓7号·345室','13953006303','EAST','APART','LIFE_DORM',2,4,@img,'seed#50 st=4',0,DATE_SUB(@t0, INTERVAL 15 DAY) + INTERVAL 0 HOUR,DATE_SUB(@t0, INTERVAL 14 DAY) + INTERVAL 0 HOUR,NULL,NULL,NULL,NULL,0,0,DATE_SUB(@t0, INTERVAL 8 DAY) + INTERVAL 0 HOUR,DATE_SUB(@t0, INTERVAL 1 DAY) + INTERVAL 5 HOUR),
(90046,@s1,@w3,'【已派工】河西南苑·多盏待换·346室','报修人：周子涵(20260001·计算机学院)。情况：河西南苑现场出现「多盏待换」。已影响日常，希望后勤协调。可预约上门时间：工作日下午。联系电话同系统预留。','河西校区·河西南苑·346室','13954006303','WEST','SOUTH_YARD','LIFE_CANTEEN',1,4,@img,'seed#50 st=4',0,DATE_SUB(@t0, INTERVAL 16 DAY) + INTERVAL 0 HOUR,DATE_SUB(@t0, INTERVAL 15 DAY) + INTERVAL 0 HOUR,NULL,NULL,NULL,NULL,0,0,DATE_SUB(@t0, INTERVAL 9 DAY) + INTERVAL 2 HOUR,DATE_SUB(@t0, INTERVAL 1 DAY) + INTERVAL 6 HOUR),
(90047,@s2,@w4,'【维修中】河东逸夫图3F·已派等上门·347室','报修人：张浩(计算机学院)。情况：河东逸夫图3F现场出现「已派等上门」。已影响日常，希望后勤协调。可预约上门时间：工作日下午。联系电话同系统预留。','河东校区·河东逸夫图3F·347室','13955006303','EAST','LIB','LIFE_LIGHTING',2,5,@img,'seed#50 st=5',0,DATE_SUB(@t0, INTERVAL 18 DAY) + INTERVAL 0 HOUR,DATE_SUB(@t0, INTERVAL 17 DAY) + INTERVAL 0 HOUR,DATE_SUB(@t0, INTERVAL 16 DAY) + INTERVAL 0 HOUR,NULL,NULL,NULL,0,0,DATE_SUB(@t0, INTERVAL 10 DAY) + INTERVAL 4 HOUR,DATE_SUB(@t0, INTERVAL 1 DAY) + INTERVAL 7 HOUR),
(90048,@s3,@w1,'【维修中】河西北苑·公区糊味·348室','报修人：李思琪(外国语学院)。情况：河西北苑现场出现「公区糊味」。已影响日常，希望后勤协调。可预约上门时间：工作日下午。联系电话同系统预留。','河西校区·河西北苑·348室','13956006303','WEST','NORTH_YARD','LIFE_DORM',1,5,@img,'seed#50 st=5',0,DATE_SUB(@t0, INTERVAL 19 DAY) + INTERVAL 0 HOUR,DATE_SUB(@t0, INTERVAL 18 DAY) + INTERVAL 0 HOUR,DATE_SUB(@t0, INTERVAL 17 DAY) + INTERVAL 0 HOUR,NULL,NULL,NULL,0,0,DATE_SUB(@t0, INTERVAL 11 DAY) + INTERVAL 1 HOUR,DATE_SUB(@t0, INTERVAL 1 DAY) + INTERVAL 0 HOUR),
(90049,@s4,@w2,'【维修中】河东普宿8号·教室钟停·349室','报修人：王梓晨(机电工程学院)。情况：河东普宿8号现场出现「教室钟停」。已影响日常，希望后勤协调。可预约上门时间：工作日下午。联系电话同系统预留。','河东校区·河东普宿8号·349室','13957006303','EAST','DORM','LIFE_WASHER',2,5,@img,'seed#50 st=5',0,DATE_SUB(@t0, INTERVAL 20 DAY) + INTERVAL 0 HOUR,DATE_SUB(@t0, INTERVAL 19 DAY) + INTERVAL 0 HOUR,DATE_SUB(@t0, INTERVAL 18 DAY) + INTERVAL 0 HOUR,NULL,NULL,NULL,0,0,DATE_SUB(@t0, INTERVAL 12 DAY) + INTERVAL 3 HOUR,DATE_SUB(@t0, INTERVAL 1 DAY) + INTERVAL 1 HOUR),
(90050,@s5,@w3,'【维修中】河西东苑1号·广播杂音·300室','报修人：赵心怡(经济管理学院)。情况：河西东苑1号现场出现「广播杂音」。已影响日常，希望后勤协调。可预约上门时间：工作日下午。联系电话同系统预留。','河西校区·河西东苑1号·300室','13958006303','WEST','EAST_YARD','LIFE_DORM',1,5,@img,'seed#50 st=5',0,DATE_SUB(@t0, INTERVAL 21 DAY) + INTERVAL 0 HOUR,DATE_SUB(@t0, INTERVAL 20 DAY) + INTERVAL 0 HOUR,DATE_SUB(@t0, INTERVAL 19 DAY) + INTERVAL 0 HOUR,NULL,NULL,NULL,0,0,DATE_SUB(@t0, INTERVAL 13 DAY) + INTERVAL 0 HOUR,DATE_SUB(@t0, INTERVAL 1 DAY) + INTERVAL 2 HOUR);

INSERT INTO `repair_evaluation` (`eval_id`, `order_id`, `score`, `comment`, `is_anonymous`, `is_deleted`, `create_time`, `update_time`) VALUES
(950001,90033,5,'响应快，修得稳，给五星。',0,0,@t0,@t0),
(950002,90034,4,'满意，等了一天但可以接受。',0,0,@t0,@t0),
(950003,90035,5,'师傅人好，问题根治。',0,0,@t0,@t0),
(950004,90036,3,'修好了但多跑了一趟。',0,0,@t0,@t0),
(950005,90037,4,'总体不错。',0,0,@t0,@t0),
(950006,90038,5,'后勤给力。',0,0,@t0,@t0),
(950007,90039,4,'会推荐给同学。',0,0,@t0,@t0),
(950008,90040,3,'勉强及格，总算好了。',0,0,@t0,@t0);

INSERT INTO `chat_message` (`id`, `order_id`, `sender_id`, `receiver_id`, `content`, `images`, `is_read`, `create_time`) VALUES
(960001,90019,@s4,@w4,'下午有课，能傍晚来吗？',NULL,1,DATE_SUB(@t0, INTERVAL 2 DAY) + INTERVAL 0 HOUR),
(960002,90019,@w4,@s4,'可，我17:30到门厅',NULL,1,DATE_SUB(@t0, INTERVAL 1 DAY) + INTERVAL 0 HOUR),
(960003,90020,@s5,@w1,'会响动大吗？',NULL,0,DATE_SUB(@t0, INTERVAL 3 DAY) + INTERVAL 0 HOUR),
(960004,90020,@w1,@s5,'会轻点操作',NULL,1,DATE_SUB(@t0, INTERVAL 2 DAY) + INTERVAL 0 HOUR),
(960005,90030,@s5,@w3,'修好了，感谢！',NULL,1,DATE_SUB(@t0, INTERVAL 0 DAY) + INTERVAL 0 HOUR),
(960006,90032,@s2,@w1,'观察两天再写评价',NULL,1,DATE_SUB(@t0, INTERVAL 0 DAY) + INTERVAL 0 HOUR),
(960007,90032,@w1,@s2,'有异常再留言',NULL,1,DATE_SUB(@t0, INTERVAL 0 DAY) + INTERVAL 0 HOUR),
(960008,90047,@s2,@w4,'明早九点方便吗？',NULL,0,DATE_SUB(@t0, INTERVAL 0 DAY) + INTERVAL 0 HOUR),
(960009,90047,@w4,@s2,'在宿舍，留门',NULL,0,DATE_SUB(@t0, INTERVAL 0 DAY) + INTERVAL 0 HOUR),
(960010,90022,@s2,@w3,'中午教室无人可进场',NULL,1,DATE_SUB(@t0, INTERVAL 4 DAY) + INTERVAL 0 HOUR),
(960011,90022,@w3,@s2,'好，我12点去',NULL,1,DATE_SUB(@t0, INTERVAL 3 DAY) + INTERVAL 0 HOUR),
(960012,90023,@s3,@w4,'人已在现场旁，勿跑空',NULL,1,DATE_SUB(@t0, INTERVAL 0 DAY) + INTERVAL 0 HOUR);

SET FOREIGN_KEY_CHECKS=1;
SELECT 'sql/seed_repair_orders_50 已执行' AS message;
